{"cameraMode":{"drawMode":0,"name":"Shaded","section":"Shading Mode"},"sceneLighting":false,"audioPlay":false,"sceneViewState":{"m_AlwaysRefresh":false,"showFog":true,"showSkybox":false,"showFlares":true,"showImageEffects":true,"showParticleSystems":true,"showVisualEffectGraphs":true,"m_FxEnabled":true},"in2DMode":false,"pivot":{"x":-0.7337315082550049,"y":-7.258578300476074,"z":12.945478439331055},"rotation":{"x":0.27994412183761599,"y":-0.02161019667983055,"z":0.006287893746048212,"w":0.9597541689872742},"size":14.188499450683594,"orthographic":false}