{"cameraMode":{"drawMode":0,"name":"Shaded","section":"Shading Mode"},"sceneLighting":true,"audioPlay":false,"sceneViewState":{"m_AlwaysRefresh":false,"showFog":true,"showSkybox":true,"showFlares":true,"showImageEffects":true,"showParticleSystems":true,"showVisualEffectGraphs":true,"m_FxEnabled":true},"in2DMode":false,"pivot":{"x":0.21893048286437989,"y":0.14902377128601075,"z":126.49088287353516},"rotation":{"x":0.21667306125164033,"y":-0.7055070996284485,"z":0.24290001392364503,"w":0.6297110915184021},"size":141.89486694335938,"orthographic":false}