{"cameraMode":{"drawMode":0,"name":"Shaded","section":"Shading Mode"},"sceneLighting":false,"audioPlay":false,"sceneViewState":{"m_AlwaysRefresh":false,"showFog":true,"showSkybox":false,"showFlares":true,"showImageEffects":true,"showParticleSystems":true,"showVisualEffectGraphs":true,"m_FxEnabled":true},"in2DMode":false,"pivot":{"x":-0.44369715452194216,"y":2.9685637950897219,"z":0.8221306204795837},"rotation":{"x":0.3721207082271576,"y":0.1765662431716919,"z":-0.07235143333673477,"w":0.9083647131919861},"size":3.375415086746216,"orthographic":false}