{"cameraMode":{"drawMode":0,"name":"Shaded","section":"Shading Mode"},"sceneLighting":false,"audioPlay":false,"sceneViewState":{"m_AlwaysRefresh":false,"showFog":true,"showSkybox":false,"showFlares":true,"showImageEffects":true,"showParticleSystems":true,"showVisualEffectGraphs":true,"m_FxEnabled":true},"in2DMode":false,"pivot":{"x":1.1642735004425049,"y":-1.9001216888427735,"z":7.9338226318359379},"rotation":{"x":0.31679797172546389,"y":0.10215810686349869,"z":-0.034361258149147037,"w":0.9423546195030212},"size":11.037737846374512,"orthographic":false}