{"cameraMode":{"drawMode":0,"name":"Shaded","section":"Shading Mode"},"sceneLighting":false,"audioPlay":false,"sceneViewState":{"m_AlwaysRefresh":false,"showFog":true,"showSkybox":false,"showFlares":true,"showImageEffects":true,"showParticleSystems":true,"showVisualEffectGraphs":true,"m_FxEnabled":true},"in2DMode":false,"pivot":{"x":2.7480411529541017,"y":3.9094882011413576,"z":-2.3750667572021486},"rotation":{"x":0.004842900671064854,"y":0.9941878914833069,"z":-0.05074891075491905,"w":0.09512628614902497},"size":13.572547912597657,"orthographic":false}