{"cameraMode":{"drawMode":0,"name":"Shaded","section":"Shading Mode"},"sceneLighting":false,"audioPlay":false,"sceneViewState":{"m_AlwaysRefresh":false,"showFog":true,"showSkybox":false,"showFlares":true,"showImageEffects":true,"showParticleSystems":true,"showVisualEffectGraphs":true,"m_FxEnabled":true},"in2DMode":false,"pivot":{"x":2.021409511566162,"y":1.4760000705718995,"z":-1.76710045337677},"rotation":{"x":0.004842900671064854,"y":0.9941878914833069,"z":-0.05074891075491905,"w":0.09512628614902497},"size":2.4309699535369875,"orthographic":false}