{"cameraMode":{"drawMode":0,"name":"Shaded","section":"Shading Mode"},"sceneLighting":false,"audioPlay":false,"sceneViewState":{"m_AlwaysRefresh":false,"showFog":true,"showSkybox":false,"showFlares":true,"showImageEffects":true,"showParticleSystems":true,"showVisualEffectGraphs":true,"m_FxEnabled":true},"in2DMode":false,"pivot":{"x":-2.0227062702178957,"y":2.8090152740478517,"z":-6.227250576019287},"rotation":{"x":-0.25877949595451357,"y":-0.13220860064029694,"z":0.03579280152916908,"w":-0.9561745524406433},"size":1.6084368228912354,"orthographic":false}