{"cameraMode":{"drawMode":0,"name":"Shaded","section":"Shading Mode"},"sceneLighting":false,"audioPlay":false,"sceneViewState":{"m_AlwaysRefresh":false,"showFog":true,"showSkybox":false,"showFlares":true,"showImageEffects":true,"showParticleSystems":true,"showVisualEffectGraphs":true,"m_FxEnabled":true},"in2DMode":false,"pivot":{"x":0.6134695410728455,"y":-2.262709379196167,"z":3.2711589336395265},"rotation":{"x":0.3455323874950409,"y":0.005618155933916569,"z":-0.002084362553432584,"w":0.9383967518806458},"size":7.304400444030762,"orthographic":false}