{"cameraMode":{"drawMode":0,"name":"Shaded","section":"Shading Mode"},"sceneLighting":false,"audioPlay":false,"sceneViewState":{"m_AlwaysRefresh":false,"showFog":true,"showSkybox":false,"showFlares":true,"showImageEffects":true,"showParticleSystems":true,"showVisualEffectGraphs":true,"m_FxEnabled":true},"in2DMode":false,"pivot":{"x":0.1850000023841858,"y":0.26618731021881106,"z":3.249000072479248},"rotation":{"x":-0.09481114149093628,"y":0.8851863145828247,"z":-0.20679540932178498,"w":-0.40584319829940798},"size":0.7581513524055481,"orthographic":true}