{"cameraMode":{"drawMode":0,"name":"Shaded","section":"Shading Mode"},"sceneLighting":false,"audioPlay":false,"sceneViewState":{"m_AlwaysRefresh":false,"showFog":true,"showSkybox":false,"showFlares":true,"showImageEffects":true,"showParticleSystems":true,"showVisualEffectGraphs":true,"m_FxEnabled":true},"in2DMode":false,"pivot":{"x":0.8299999833106995,"y":-0.05400000512599945,"z":14.180000305175782},"rotation":{"x":-0.08318328112363816,"y":0.6875056624412537,"z":-0.07976284623146057,"w":-0.7169874310493469},"size":0.9895332455635071,"orthographic":true}