{"cameraMode":{"drawMode":0,"name":"Shaded","section":"Shading Mode"},"sceneLighting":false,"audioPlay":false,"sceneViewState":{"m_AlwaysRefresh":false,"showFog":true,"showSkybox":false,"showFlares":true,"showImageEffects":true,"showParticleSystems":true,"showVisualEffectGraphs":true,"m_FxEnabled":true},"in2DMode":false,"pivot":{"x":-1.7435390949249268,"y":1.7140955924987794,"z":-1.192582607269287},"rotation":{"x":0.07673310488462448,"y":-0.005990894977003336,"z":0.00044639589032158256,"w":0.9970436692237854},"size":5.447131156921387,"orthographic":false}