{"cameraMode":{"drawMode":0,"name":"Shaded","section":"Shading Mode"},"sceneLighting":false,"audioPlay":false,"sceneViewState":{"m_AlwaysRefresh":false,"showFog":true,"showSkybox":false,"showFlares":true,"showImageEffects":true,"showParticleSystems":true,"showVisualEffectGraphs":true,"m_FxEnabled":true},"in2DMode":false,"pivot":{"x":2.1653335094451906,"y":0.9777722358703613,"z":-1.8909498453140259},"rotation":{"x":-0.016195228323340417,"y":-0.9795470237731934,"z":0.1800803393125534,"w":-0.08811409771442414},"size":5.896273612976074,"orthographic":false}