{"cameraMode":{"drawMode":0,"name":"Shaded","section":"Shading Mode"},"sceneLighting":false,"audioPlay":false,"sceneViewState":{"m_AlwaysRefresh":false,"showFog":true,"showSkybox":false,"showFlares":true,"showImageEffects":true,"showParticleSystems":true,"showVisualEffectGraphs":true,"m_FxEnabled":true},"in2DMode":false,"pivot":{"x":1.6085995435714722,"y":-0.5541772842407227,"z":-4.509495735168457},"rotation":{"x":0.008416261523962021,"y":-0.9843774437904358,"z":0.1687822788953781,"w":0.04905025288462639},"size":10.036861419677735,"orthographic":false}